team,elo,mean_points,points_p10,points_p90,playoffs,round_2,conference_final,final,cup
ANA,1369.6159137655056,60.7699,37.0,86.0,0.0843,0.0249,0.0093,0.0037,0.0015
ARI,1408.5901244724334,68.5398,43.0,95.0,0.1638,0.0506,0.0181,0.0057,0.0011
BOS,1654.4836845330592,119.4898,97.0,140.0,0.9472,0.7128,0.4842,0.3418,0.2321
BUF,1524.0526832450907,93.0431,67.0,119.0,0.5821,0.2512,0.103,0.0517,0.0268
CAR,1557.8085401247029,100.7471,75.0,125.0,0.746,0.4277,0.2299,0.0944,0.0476
CBJ,1405.5942831209536,67.4031,43.0,93.0,0.1443,0.0469,0.0169,0.0046,0.0019
CGY,1480.9997634217223,83.6146,58.0,110.0,0.4105,0.1586,0.0683,0.0281,0.0109
CHI,1408.2753825868324,68.0503,43.0,94.0,0.1637,0.0528,0.0194,0.0065,0.0019
COL,1581.6123419877338,105.5698,80.0,129.0,0.8151,0.5088,0.2964,0.158,0.0785
DAL,1546.210942793809,98.307,72.0,124.0,0.6991,0.375,0.1888,0.0954,0.0393
DET,1452.125666377047,77.334,52.0,103.0,0.2681,0.0859,0.0318,0.0114,0.0048
EDM,1591.005708664882,107.6259,83.0,131.0,0.8434,0.5258,0.3032,0.1769,0.0892
FLA,1522.9355182976715,92.3982,66.0,118.0,0.5691,0.2464,0.0999,0.0509,0.0247
LAK,1545.0624313856624,98.2149,73.0,123.0,0.7028,0.3509,0.1718,0.0834,0.037
MIN,1526.2987333401768,93.4188,68.0,119.0,0.6054,0.2982,0.1421,0.0667,0.0263
MTL,1428.8289031387417,72.3312,48.0,99.0,0.1981,0.0582,0.0195,0.0077,0.0033
NJD,1557.9965983671052,100.8077,75.0,125.0,0.7446,0.4282,0.2322,0.1002,0.0508
NSH,1520.4744711625865,92.942,67.0,118.0,0.5965,0.2811,0.131,0.0601,0.0241
NYI,1505.5151768923827,88.866,62.0,115.0,0.5193,0.2417,0.1094,0.0397,0.0189
NYR,1543.8430986033522,97.7565,72.0,123.0,0.6928,0.3807,0.196,0.0777,0.0394
OTT,1494.735269831231,86.6414,60.0,113.0,0.454,0.172,0.065,0.028,0.0123
PHI,1440.846993279347,75.0655,49.0,101.0,0.2534,0.0929,0.0374,0.0102,0.0041
PIT,1481.942241725417,84.3856,59.0,110.0,0.4235,0.1809,0.0797,0.0285,0.0113
SEA,1522.8856822276182,93.4292,68.0,119.0,0.6035,0.2897,0.1341,0.0641,0.0252
SJS,1373.2279005560754,61.5288,38.0,86.0,0.0884,0.0222,0.0066,0.0012,0.0004
STL,1469.5340274906816,82.0959,56.0,108.0,0.3804,0.1449,0.0587,0.0234,0.0091
TBL,1505.9776593493189,88.7619,63.0,114.0,0.4962,0.1985,0.0818,0.0384,0.0174
TOR,1567.9117409670052,101.9154,76.0,126.0,0.7464,0.3993,0.1853,0.1061,0.0564
VAN,1500.277443570552,88.0619,62.0,113.0,0.4997,0.2113,0.0936,0.0419,0.0164
VGK,1565.1052191751437,102.6599,77.0,127.0,0.7782,0.4394,0.2321,0.1237,0.0595
WPG,1513.0124856441932,91.7472,66.0,118.0,0.5652,0.2658,0.1265,0.0612,0.0251
WSH,1433.2133699019653,72.7672,48.0,98.0,0.2149,0.0767,0.028,0.0087,0.0027
