team,elo,mean_points,points_sum,points_p10,points_p90,playoffs,round_2,conference_final,final,cup,playoffs_count,round_2_count,conference_final_count,final_count,cup_count,cup_simulation_wins
ANA,1495.3207573682384,91.904,919040,71.0,113.0,0.6074,0.3221,0.1625,0.0658,0.0256,6074,3221,1625,658,256,256
BOS,1529.4076693140753,96.1542,961542,76.0,116.0,0.569,0.2692,0.128,0.0638,0.0345,5690,2692,1280,638,345,345
BUF,1571.3677389819193,103.3017,1033017,83.0,123.0,0.7409,0.4302,0.2392,0.1383,0.0814,7409,4302,2392,1383,814,814
CAR,1569.483757994932,102.8222,1028222,83.0,122.0,0.7336,0.4427,0.2607,0.1382,0.0821,7336,4427,2607,1382,821,821
CBJ,1493.8904094752534,88.4332,884332,68.0,109.0,0.3876,0.1748,0.076,0.0316,0.0145,3876,1748,760,316,145,145
CGY,1443.1860058184313,77.7263,777263,57.0,98.0,0.2679,0.1209,0.0527,0.0172,0.0055,2679,1209,527,172,55,55
CHI,1389.5112111749286,66.729,667290,47.0,87.0,0.0737,0.0221,0.0083,0.0028,0.0004,737,221,83,28,4,4
COL,1587.4293756150553,109.2975,1092975,89.0,128.0,0.8909,0.5775,0.3432,0.2319,0.1226,8909,5775,3432,2319,1226,1226
DAL,1535.1310152912865,95.725,957250,75.0,116.0,0.6539,0.3252,0.1724,0.0997,0.0468,6539,3252,1724,997,468,468
DET,1460.1988068106334,80.3733,803733,60.0,101.0,0.2128,0.0759,0.032,0.0119,0.0058,2128,759,320,119,58,58
EDM,1505.7096484386502,93.9592,939592,73.0,114.0,0.663,0.3617,0.1852,0.0748,0.0309,6630,3617,1852,748,309,309
FLA,1496.526756392022,90.2101,902101,70.0,111.0,0.4153,0.1666,0.0706,0.033,0.0157,4153,1666,706,330,157,157
LAK,1451.730935519339,81.2555,812555,61.0,102.0,0.344,0.1537,0.0657,0.0236,0.0081,3440,1537,657,236,81,81
MIN,1547.9883655831652,102.2335,1022335,82.0,122.0,0.7912,0.4148,0.2113,0.1253,0.0593,7912,4148,2113,1253,593,593
MTL,1564.14678360628,102.7129,1027129,83.0,122.0,0.7323,0.4015,0.2124,0.1162,0.0701,7323,4015,2124,1162,701,701
NJD,1500.173652250976,89.6324,896324,69.0,110.0,0.4158,0.1878,0.0869,0.0356,0.0179,4158,1878,869,356,179,179
NSH,1483.9860995830184,87.778,877780,67.0,108.0,0.4445,0.1792,0.0819,0.0399,0.0153,4445,1792,819,399,153,153
NYI,1489.8946733514513,87.3412,873412,67.0,108.0,0.365,0.1581,0.0691,0.0284,0.0127,3650,1581,691,284,127,127
NYR,1472.8715610179281,85.2633,852633,64.0,106.0,0.319,0.1283,0.0522,0.0214,0.0099,3190,1283,522,214,99,99
OTT,1553.1220633089147,100.8348,1008348,80.0,121.0,0.6825,0.35,0.1798,0.0987,0.0566,6825,3500,1798,987,566,566
PHI,1508.2767854102601,90.3702,903702,70.0,111.0,0.4355,0.1997,0.0923,0.0392,0.0201,4355,1997,923,392,201,201
PIT,1525.9567892684258,96.8315,968315,77.0,117.0,0.6017,0.3083,0.1451,0.0651,0.0363,6017,3083,1451,651,363,363
SEA,1436.3616703835994,79.1296,791296,59.0,100.0,0.2943,0.1296,0.0502,0.016,0.0049,2943,1296,502,160,49,49
SJS,1486.2096701297235,90.6678,906678,70.0,111.0,0.5769,0.2918,0.1429,0.0582,0.0201,5769,2918,1429,582,201,201
STL,1523.1535259477744,96.0092,960092,75.0,116.0,0.6545,0.3078,0.1507,0.0817,0.0366,6545,3078,1507,817,366,366
TBL,1551.5419005299334,99.8049,998049,80.0,120.0,0.6617,0.3522,0.1821,0.0973,0.0551,6617,3522,1821,973,551,551
TOR,1424.893777684103,73.912,739120,54.0,94.0,0.1109,0.0326,0.0129,0.0048,0.0021,1109,326,129,48,21,21
UTA,1526.6155195154422,97.768,977680,77.0,118.0,0.6902,0.3304,0.1549,0.0822,0.0375,6902,3304,1549,822,375,375
VAN,1402.9089757555862,73.1376,731376,54.0,93.0,0.176,0.0666,0.0231,0.007,0.0024,1760,666,231,70,24,24
VGK,1488.8478789841145,89.0189,890189,68.0,110.0,0.5381,0.2759,0.1421,0.0506,0.0193,5381,2759,1421,506,193,193
WPG,1461.368636870452,83.4161,834161,63.0,104.0,0.3335,0.1207,0.0529,0.0233,0.008,3335,1207,529,233,80,80
WSH,1538.6883297937065,97.31,973100,77.0,117.0,0.6164,0.3221,0.1607,0.0765,0.0419,6164,3221,1607,765,419,419
