game_id,season,date,home,away,elapsed,event,home_goals,away_goals,goal_diff,remaining,shot_diff,skater_diff,home_empty,away_empty,situation_missing,pregame_logit,home_win,goal_at_second,score_clock,weight,home_probability,toronto_probability
2026020008,20262027,2026-09-30,TOR,NYI,0,faceoff,0,0,0,1.0,0,0,0,0,0,-0.1365399510187003,1,0,0.0,0.004132231404958678,0.5035128647626602,0.5035128647626602
2026020008,20262027,2026-09-30,TOR,NYI,22,blocked-shot,0,0,0,0.9938888888888889,0,0,0,0,0,-0.1365399510187003,1,0,0.0,0.004132231404958678,0.5034367180244566,0.5034367180244566
2026020008,20262027,2026-09-30,TOR,NYI,24,missed-shot,0,0,0,0.9933333333333333,0,0,0,0,0,-0.1365399510187003,1,0,0.0,0.004132231404958678,0.5034297955857523,0.5034297955857523
2026020008,20262027,2026-09-30,TOR,NYI,27,shot-on-goal,0,0,0,0.9925,-1,0,0,0,0,-0.1365399510187003,1,0,0.0,0.004132231404958678,0.5024670234391279,0.5024670234391279
2026020008,20262027,2026-09-30,TOR,NYI,32,hit,0,0,0,0.9911111111111112,-1,0,0,0,0,-0.1365399510187003,1,0,0.0,0.004132231404958678,0.5024497169447479,0.5024497169447479
2026020008,20262027,2026-09-30,TOR,NYI,33,shot-on-goal,0,0,0,0.9908333333333333,-2,0,0,0,0,-0.1365399510187003,1,0,0.0,0.004132231404958678,0.5014938489433215,0.5014938489433215
2026020008,20262027,2026-09-30,TOR,NYI,35,faceoff,0,0,0,0.9902777777777778,-2,0,0,0,0,-0.1365399510187003,1,0,0.0,0.004132231404958678,0.5014869262397246,0.5014869262397246
2026020008,20262027,2026-09-30,TOR,NYI,47,hit,0,0,0,0.9869444444444444,-2,0,0,0,0,-0.1365399510187003,1,0,0.0,0.004132231404958678,0.5014453900062646,0.5014453900062646
2026020008,20262027,2026-09-30,TOR,NYI,65,shot-on-goal,0,0,0,0.9819444444444444,-3,0,0,0,0,-0.1365399510187003,1,0,0.0,0.004132231404958678,0.5004306672643783,0.5004306672643783
2026020008,20262027,2026-09-30,TOR,NYI,103,missed-shot,0,0,0,0.9713888888888889,-3,0,0,0,0,-0.1365399510187003,1,0,0.0,0.004132231404958678,0.5002991347981807,0.5002991347981807
2026020008,20262027,2026-09-30,TOR,NYI,124,shot-on-goal,0,0,0,0.9655555555555555,-4,0,0,0,0,-0.1365399510187003,1,0,0.0,0.004132231404958678,0.4992740245347805,0.4992740245347805
2026020008,20262027,2026-09-30,TOR,NYI,125,faceoff,0,0,0,0.9652777777777778,-4,0,0,0,0,-0.1365399510187003,1,0,0.0,0.004132231404958678,0.49927056315955964,0.49927056315955964
2026020008,20262027,2026-09-30,TOR,NYI,141,blocked-shot,0,0,0,0.9608333333333333,-4,0,0,0,0,-0.1365399510187003,1,0,0.0,0.004132231404958678,0.49921518116575864,0.49921518116575864
2026020008,20262027,2026-09-30,TOR,NYI,159,giveaway,0,0,0,0.9558333333333333,-4,0,0,0,0,-0.1365399510187003,1,0,0.0,0.004132231404958678,0.4991528764458188,0.4991528764458188
2026020008,20262027,2026-09-30,TOR,NYI,177,hit,0,0,0,0.9508333333333333,-4,0,0,0,0,-0.1365399510187003,1,0,0.0,0.004132231404958678,0.4990905717521866,0.4990905717521866
2026020008,20262027,2026-09-30,TOR,NYI,181,blocked-shot,0,0,0,0.9497222222222222,-4,0,0,0,0,-0.1365399510187003,1,0,0.0,0.004132231404958678,0.49907672626848004,0.49907672626848004
2026020008,20262027,2026-09-30,TOR,NYI,196,hit,0,0,0,0.9455555555555556,-4,0,0,0,0,-0.1365399510187003,1,0,0.0,0.004132231404958678,0.4990248057173643,0.4990248057173643
2026020008,20262027,2026-09-30,TOR,NYI,225,faceoff,0,0,0,0.9375,-4,0,0,0,0,-0.1365399510187003,1,0,0.0,0.004132231404958678,0.4989244260458296,0.4989244260458296
2026020008,20262027,2026-09-30,TOR,NYI,239,hit,0,0,0,0.9336111111111111,-4,0,0,0,0,-0.1365399510187003,1,0,0.0,0.004132231404958678,0.49887596692458575,0.49887596692458575
2026020008,20262027,2026-09-30,TOR,NYI,250,hit,0,0,0,0.9305555555555556,-4,0,0,0,0,-0.1365399510187003,1,0,0.0,0.004132231404958678,0.49883789191551947,0.49883789191551947
2026020008,20262027,2026-09-30,TOR,NYI,259,takeaway,0,0,0,0.9280555555555555,-4,0,0,0,0,-0.1365399510187003,1,0,0.0,0.004132231404958678,0.49880673964537936,0.49880673964537936
2026020008,20262027,2026-09-30,TOR,NYI,274,faceoff,0,0,0,0.9238888888888889,-4,0,0,0,0,-0.1365399510187003,1,0,0.0,0.004132231404958678,0.4987548192158525,0.4987548192158525
2026020008,20262027,2026-09-30,TOR,NYI,302,giveaway,0,0,0,0.9161111111111111,-4,0,0,0,0,-0.1365399510187003,1,0,0.0,0.004132231404958678,0.4986579011534488,0.4986579011534488
2026020008,20262027,2026-09-30,TOR,NYI,321,takeaway,0,0,0,0.9108333333333334,-4,0,0,0,0,-0.1365399510187003,1,0,0.0,0.004132231404958678,0.4985921353823819,0.4985921353823819
2026020008,20262027,2026-09-30,TOR,NYI,360,hit,0,0,0,0.9,-4,0,0,0,0,-0.1365399510187003,1,0,0.0,0.004132231404958678,0.49845714263899676,0.49845714263899676
2026020008,20262027,2026-09-30,TOR,NYI,375,hit,0,0,0,0.8958333333333334,-4,0,0,0,0,-0.1365399510187003,1,0,0.0,0.004132231404958678,0.4984052224118962,0.4984052224118962
2026020008,20262027,2026-09-30,TOR,NYI,384,missed-shot,0,0,0,0.8933333333333333,-4,0,0,0,0,-0.1365399510187003,1,0,0.0,0.004132231404958678,0.4983740702920726,0.4983740702920726
2026020008,20262027,2026-09-30,TOR,NYI,392,blocked-shot,0,0,0,0.8911111111111111,-4,0,0,0,0,-0.1365399510187003,1,0,0.0,0.004132231404958678,0.4983463795294859,0.4983463795294859
2026020008,20262027,2026-09-30,TOR,NYI,414,faceoff,0,0,0,0.885,-4,0,0,0,0,-0.1365399510187003,1,0,0.0,0.004132231404958678,0.49827022998518733,0.49827022998518733
2026020008,20262027,2026-09-30,TOR,NYI,422,hit,0,0,0,0.8827777777777778,-4,0,0,0,0,-0.1365399510187003,1,0,0.0,0.004132231404958678,0.4982425392615158,0.4982425392615158
2026020008,20262027,2026-09-30,TOR,NYI,424,shot-on-goal,0,0,0,0.8822222222222222,-3,0,0,0,0,-0.1365399510187003,1,0,0.0,0.004132231404958678,0.49918803174814197,0.49918803174814197
2026020008,20262027,2026-09-30,TOR,NYI,425,missed-shot,0,0,0,0.8819444444444444,-3,0,0,0,0,-0.1365399510187003,1,0,0.0,0.004132231404958678,0.4991845703747562,0.4991845703747562
2026020008,20262027,2026-09-30,TOR,NYI,434,faceoff,1,0,1,0.8794444444444445,-2,0,0,0,0,-0.1365399510187003,1,1,1.0514994558491724,0.004132231404958678,0.6745652124555966,0.6745652124555966
2026020008,20262027,2026-09-30,TOR,NYI,461,hit,1,0,1,0.8719444444444444,-2,0,0,0,0,-0.1365399510187003,1,0,1.055886477188631,0.004132231404958678,0.6750407986744935,0.6750407986744935
2026020008,20262027,2026-09-30,TOR,NYI,467,giveaway,1,0,1,0.8702777777777778,-2,0,0,0,0,-0.1365399510187003,1,0,1.0568688496856784,0.004132231404958678,0.6751473856369883,0.6751473856369883
2026020008,20262027,2026-09-30,TOR,NYI,468,hit,1,0,1,0.87,-2,0,0,0,0,-0.1365399510187003,1,0,1.05703284516338,0.004132231404958678,0.6751651822505781,0.6751651822505781
2026020008,20262027,2026-09-30,TOR,NYI,473,hit,1,0,1,0.8686111111111111,-2,0,0,0,0,-0.1365399510187003,1,0,1.0578539692250344,0.004132231404958678,0.6752543033744391,0.6752543033744391
2026020008,20262027,2026-09-30,TOR,NYI,495,giveaway,1,0,1,0.8625,-2,0,0,0,0,-0.1365399510187003,1,0,1.0614897848685505,0.004132231404958678,0.675649188441272,0.675649188441272
2026020008,20262027,2026-09-30,TOR,NYI,510,shot-on-goal,1,0,1,0.8583333333333333,-1,0,0,0,0,-0.1365399510187003,1,0,1.063990353197863,0.004132231404958678,0.67675498492071,0.67675498492071
2026020008,20262027,2026-09-30,TOR,NYI,512,hit,1,0,1,0.8577777777777778,-1,0,0,0,0,-0.1365399510187003,1,0,1.0643250992666131,0.004132231404958678,0.6767913417126646,0.6767913417126646
2026020008,20262027,2026-09-30,TOR,NYI,526,hit,1,0,1,0.8538888888888889,-1,0,0,0,0,-0.1365399510187003,1,0,1.0666772018021669,0.004132231404958678,0.6770469040739875,0.6770469040739875
2026020008,20262027,2026-09-30,TOR,NYI,546,shot-on-goal,1,0,1,0.8483333333333334,-2,0,0,0,0,-0.1365399510187003,1,0,1.0700645625096326,0.004132231404958678,0.6765821848905418,0.6765821848905418
2026020008,20262027,2026-09-30,TOR,NYI,548,giveaway,1,0,1,0.8477777777777777,-2,0,0,0,0,-0.1365399510187003,1,0,1.0704050763010708,0.004132231404958678,0.676619282816591,0.676619282816591
2026020008,20262027,2026-09-30,TOR,NYI,562,shot-on-goal,1,0,1,0.8438888888888889,-3,0,0,0,0,-0.1365399510187003,1,0,1.0727978097782274,0.004132231404958678,0.6760462729451948,0.6760462729451948
2026020008,20262027,2026-09-30,TOR,NYI,573,blocked-shot,1,0,1,0.8408333333333333,-3,0,0,0,0,-0.1365399510187003,1,0,1.0746891127782758,0.004132231404958678,0.6762528034627493,0.6762528034627493
2026020008,20262027,2026-09-30,TOR,NYI,578,missed-shot,1,0,1,0.8394444444444444,-3,0,0,0,0,-0.1365399510187003,1,0,1.0755521090731122,0.004132231404958678,0.6763470783574633,0.6763470783574633
2026020008,20262027,2026-09-30,TOR,NYI,582,delayed-penalty,1,0,1,0.8383333333333334,-3,0,0,0,0,-0.1365399510187003,1,0,1.0762440050012627,0.004132231404958678,0.6764226779904541,0.6764226779904541
2026020008,20262027,2026-09-30,TOR,NYI,601,faceoff,1,0,1,0.8330555555555555,-3,1,0,0,0,-0.1365399510187003,1,0,1.0795488428558306,0.004132231404958678,0.690637002435614,0.690637002435614
2026020008,20262027,2026-09-30,TOR,NYI,651,hit,1,0,1,0.8191666666666667,-3,1,0,0,0,-0.1365399510187003,1,0,1.0883934019615178,0.004132231404958678,0.6915828532673246,0.6915828532673246
2026020008,20262027,2026-09-30,TOR,NYI,664,blocked-shot,1,0,1,0.8155555555555556,-3,1,0,0,0,-0.1365399510187003,1,0,1.0907288200508976,0.004132231404958678,0.6918329369074782,0.6918329369074782
2026020008,20262027,2026-09-30,TOR,NYI,687,hit,1,0,1,0.8091666666666667,-3,1,0,0,0,-0.1365399510187003,1,0,1.0948978029027177,0.004132231404958678,0.6922796934396919,0.6922796934396919
2026020008,20262027,2026-09-30,TOR,NYI,707,giveaway,1,0,1,0.8036111111111112,-3,1,0,0,0,-0.1365399510187003,1,0,1.0985621297556587,0.004132231404958678,0.6926727089503287,0.6926727089503287
2026020008,20262027,2026-09-30,TOR,NYI,709,takeaway,1,0,1,0.8030555555555555,-3,1,0,0,0,-0.1365399510187003,1,0,1.0989305893097912,0.004132231404958678,0.69271224504225,0.69271224504225
2026020008,20262027,2026-09-30,TOR,NYI,713,shot-on-goal,1,0,1,0.8019444444444445,-2,1,0,0,0,-0.1365399510187003,1,0,1.0996686220251588,0.004132231404958678,0.6936016712091936,0.6936016712091936
2026020008,20262027,2026-09-30,TOR,NYI,715,faceoff,2,0,2,0.8013888888888889,-1,0,0,0,0,-0.1365399510187003,1,1,2.200076392867707,0.004132231404958678,0.8195849099131198,0.8195849099131198
2026020008,20262027,2026-09-30,TOR,NYI,737,faceoff,2,0,2,0.7952777777777778,-1,0,0,0,0,-0.1365399510187003,1,0,2.208256525977952,0.004132231404958678,0.8202395457018617,0.8202395457018617
2026020008,20262027,2026-09-30,TOR,NYI,742,missed-shot,2,0,2,0.7938888888888889,-1,0,0,0,0,-0.1365399510187003,1,0,2.210128406051272,0.004132231404958678,0.8203891565941954,0.8203891565941954
2026020008,20262027,2026-09-30,TOR,NYI,748,giveaway,2,0,2,0.7922222222222223,-1,0,0,0,0,-0.1365399510187003,1,0,2.2123809580944584,0.004132231404958678,0.8205690981973432,0.8205690981973432
2026020008,20262027,2026-09-30,TOR,NYI,754,shot-on-goal,2,0,2,0.7905555555555556,-2,0,0,0,0,-0.1365399510187003,1,0,2.2146404115766867,0.004132231404958678,0.8201883217067371,0.8201883217067371
2026020008,20262027,2026-09-30,TOR,NYI,757,faceoff,2,0,2,0.7897222222222222,-2,0,0,0,0,-0.1365399510187003,1,0,2.2157727373830487,0.004132231404958678,0.8202789052905828,0.8202789052905828
2026020008,20262027,2026-09-30,TOR,NYI,767,giveaway,2,0,2,0.7869444444444444,-2,0,0,0,0,-0.1365399510187003,1,0,2.219559738500982,0.004132231404958678,0.8205816661428922,0.8205816661428922
2026020008,20262027,2026-09-30,TOR,NYI,784,giveaway,2,0,2,0.7822222222222223,-2,0,0,0,0,-0.1365399510187003,1,0,2.2260424454689973,0.004132231404958678,0.8210992570131115,0.8210992570131115
2026020008,20262027,2026-09-30,TOR,NYI,789,missed-shot,2,0,2,0.7808333333333334,-2,0,0,0,0,-0.1365399510187003,1,0,2.2279599602060363,0.004132231404958678,0.8212521885824826,0.8212521885824826
2026020008,20262027,2026-09-30,TOR,NYI,823,shot-on-goal,2,0,2,0.7713888888888889,-1,0,0,0,0,-0.1365399510187003,1,0,2.241131808339458,0.004132231404958678,0.8228566439289127,0.8228566439289127
2026020008,20262027,2026-09-30,TOR,NYI,832,shot-on-goal,2,0,2,0.7688888888888888,0,0,0,0,0,-0.1365399510187003,1,0,2.24465775864918,0.004132231404958678,0.8236899454666392,0.8236899454666392
2026020008,20262027,2026-09-30,TOR,NYI,834,faceoff,2,0,2,0.7683333333333333,0,0,0,0,0,-0.1365399510187003,1,0,2.2454435656953593,0.004132231404958678,0.8237520156045937,0.8237520156045937
2026020008,20262027,2026-09-30,TOR,NYI,840,shot-on-goal,2,0,2,0.7666666666666667,-1,0,0,0,0,-0.1365399510187003,1,0,2.2478059477960657,0.004132231404958678,0.8233852098282093,0.8233852098282093
2026020008,20262027,2026-09-30,TOR,NYI,896,delayed-penalty,2,0,2,0.7511111111111111,-1,0,0,0,0,-0.1365399510187003,1,0,2.270220521643953,0.004132231404958678,0.8251534731604597,0.8251534731604597
2026020008,20262027,2026-09-30,TOR,NYI,923,shot-on-goal,2,0,2,0.7436111111111111,0,1,1,0,0,-0.1365399510187003,1,0,2.2812698801308122,0.004132231404958678,0.8129661288319475,0.8129661288319475
2026020008,20262027,2026-09-30,TOR,NYI,925,faceoff,2,0,2,0.7430555555555556,0,1,0,0,0,-0.1365399510187003,1,0,2.2820947833868916,0.004132231404958678,0.835622950117423,0.835622950117423
2026020008,20262027,2026-09-30,TOR,NYI,945,shot-on-goal,2,0,2,0.7375,-1,1,0,0,0,-0.1365399510187003,1,0,2.290393337255473,0.004132231404958678,0.8357218391835417,0.8357218391835417
2026020008,20262027,2026-09-30,TOR,NYI,1000,shot-on-goal,2,0,2,0.7222222222222222,0,1,0,0,0,-0.1365399510187003,1,0,2.313689661839097,0.004132231404958678,0.8379803033202478,0.8379803033202478
2026020008,20262027,2026-09-30,TOR,NYI,1001,faceoff,2,0,2,0.7219444444444445,0,1,0,0,0,-0.1365399510187003,1,0,2.3141198356202315,0.004132231404958678,0.8380122501468027,0.8380122501468027
2026020008,20262027,2026-09-30,TOR,NYI,1009,missed-shot,2,0,2,0.7197222222222223,0,1,0,0,0,-0.1365399510187003,1,0,2.317569885744057,0.004132231404958678,0.8382683218853484,0.8382683218853484
2026020008,20262027,2026-09-30,TOR,NYI,1014,hit,2,0,2,0.7183333333333334,0,1,0,0,0,-0.1365399510187003,1,0,2.319734019081177,0.004132231404958678,0.8384288168667519,0.8384288168667519
2026020008,20262027,2026-09-30,TOR,NYI,1033,hit,2,0,2,0.7130555555555556,0,1,0,0,0,-0.1365399510187003,1,0,2.328013362835054,0.004132231404958678,0.839041877545104,0.839041877545104
2026020008,20262027,2026-09-30,TOR,NYI,1040,missed-shot,2,0,2,0.7111111111111111,0,1,0,0,0,-0.1365399510187003,1,0,2.331086069657434,0.004132231404958678,0.8392690196206273,0.8392690196206273
2026020008,20262027,2026-09-30,TOR,NYI,1045,shot-on-goal,2,0,2,0.7097222222222223,1,0,0,0,0,-0.1365399510187003,1,0,2.3332883243476066,0.004132231404958678,0.8311426974670484,0.8311426974670484
2026020008,20262027,2026-09-30,TOR,NYI,1051,takeaway,2,0,2,0.7080555555555555,1,0,0,0,0,-0.1365399510187003,1,0,2.335939287131427,0.004132231404958678,0.8313464393447093,0.8313464393447093
2026020008,20262027,2026-09-30,TOR,NYI,1054,giveaway,2,0,2,0.7072222222222222,1,0,0,0,0,-0.1365399510187003,1,0,2.337268161394859,0.004132231404958678,0.8314485121867331,0.8314485121867331
2026020008,20262027,2026-09-30,TOR,NYI,1075,blocked-shot,2,0,2,0.7013888888888888,1,0,0,0,0,-0.1365399510187003,1,0,2.3466342196030157,0.004132231404958678,0.8321668158061654,0.8321668158061654
2026020008,20262027,2026-09-30,TOR,NYI,1114,faceoff,2,0,2,0.6905555555555556,1,0,0,0,0,-0.1365399510187003,1,0,2.364331218717302,0.004132231404958678,0.8335186681488823,0.8335186681488823
2026020008,20262027,2026-09-30,TOR,NYI,1122,hit,2,0,2,0.6883333333333334,1,0,0,0,0,-0.1365399510187003,1,0,2.368011113891575,0.004132231404958678,0.8337988843663194,0.8337988843663194
2026020008,20262027,2026-09-30,TOR,NYI,1123,missed-shot,2,0,2,0.6880555555555555,1,0,0,0,0,-0.1365399510187003,1,0,2.368472309945007,0.004132231404958678,0.8338339818679007,0.8338339818679007
2026020008,20262027,2026-09-30,TOR,NYI,1125,blocked-shot,2,0,2,0.6875,1,0,0,0,0,-0.1365399510187003,1,0,2.369395511036369,0.004132231404958678,0.8339042239689662,0.8339042239689662
2026020008,20262027,2026-09-30,TOR,NYI,1137,hit,2,0,2,0.6841666666666667,1,0,0,0,0,-0.1365399510187003,1,0,2.3749574799830375,0.004132231404958678,0.8343269997290552,0.8343269997290552
2026020008,20262027,2026-09-30,TOR,NYI,1168,giveaway,2,0,2,0.6755555555555556,1,0,0,0,0,-0.1365399510187003,1,0,2.389509188800581,0.004132231404958678,0.8354297751580282,0.8354297751580282
2026020008,20262027,2026-09-30,TOR,NYI,1175,shot-on-goal,2,0,2,0.6736111111111112,0,0,0,0,0,-0.1365399510187003,1,0,2.3928322388459327,0.004132231404958678,0.8351571198964354,0.8351571198964354
2026020008,20262027,2026-09-30,TOR,NYI,1186,takeaway,2,0,2,0.6705555555555556,0,0,0,0,0,-0.1365399510187003,1,0,2.3980823009322942,0.004132231404958678,0.8355544153090079,0.8355544153090079
2026020008,20262027,2026-09-30,TOR,NYI,1194,shot-on-goal,2,0,2,0.6683333333333333,-1,0,0,0,0,-0.1365399510187003,1,0,2.401922307076307,0.004132231404958678,0.8353212148909431,0.8353212148909431
2026020008,20262027,2026-09-30,TOR,NYI,1197,blocked-shot,2,0,2,0.6675,-1,0,0,0,0,-0.1365399510187003,1,0,2.4033670725044387,0.004132231404958678,0.8354305875704838,0.8354305875704838
2026020008,20262027,2026-09-30,TOR,NYI,1200,faceoff,2,0,2,0.6666666666666666,-1,0,0,0,0,-0.1365399510187003,1,0,2.404814448168607,0.004132231404958678,0.8355401096667374,0.8355401096667374
2026020008,20262027,2026-09-30,TOR,NYI,1219,hit,2,0,2,0.6613888888888889,-1,0,0,0,0,-0.1365399510187003,1,0,2.4140422866797056,0.004132231404958678,0.8362372391359382,0.8362372391359382
2026020008,20262027,2026-09-30,TOR,NYI,1253,shot-on-goal,2,0,2,0.6519444444444444,-2,0,0,0,0,-0.1365399510187003,1,0,2.430823809049976,0.004132231404958678,0.8369808289744965,0.8369808289744965
2026020008,20262027,2026-09-30,TOR,NYI,1319,faceoff,2,0,2,0.6336111111111111,-2,0,0,0,0,-0.1365399510187003,1,0,2.464424224163276,0.004132231404958678,0.8394958431319174,0.8394958431319174
2026020008,20262027,2026-09-30,TOR,NYI,1329,hit,2,0,2,0.6308333333333334,-2,0,0,0,0,-0.1365399510187003,1,0,2.4696377358589765,0.004132231404958678,0.8398837012868439,0.8398837012868439
2026020008,20262027,2026-09-30,TOR,NYI,1344,hit,2,0,2,0.6266666666666667,-2,0,0,0,0,-0.1365399510187003,1,0,2.477520417046002,0.004132231404958678,0.8404689129970417,0.8404689129970417
2026020008,20262027,2026-09-30,TOR,NYI,1350,faceoff,2,0,2,0.625,-2,0,0,0,0,-0.1365399510187003,1,0,2.480694691784169,0.004132231404958678,0.840704156672367,0.840704156672367
2026020008,20262027,2026-09-30,TOR,NYI,1387,hit,2,0,2,0.6147222222222222,-2,0,0,0,0,-0.1365399510187003,1,0,2.500542711392478,0.004132231404958678,0.8421696613758882,0.8421696613758882
2026020008,20262027,2026-09-30,TOR,NYI,1397,hit,2,0,2,0.6119444444444444,-2,0,0,0,0,-0.1365399510187003,1,0,2.5059893366900052,0.004132231404958678,0.8425701813417888,0.8425701813417888
2026020008,20262027,2026-09-30,TOR,NYI,1407,takeaway,2,0,2,0.6091666666666666,-2,0,0,0,0,-0.1365399510187003,1,0,2.511471708888366,0.004132231404958678,0.8429726152295279,0.8429726152295279
2026020008,20262027,2026-09-30,TOR,NYI,1409,delayed-penalty,2,0,2,0.6086111111111111,-2,0,0,0,0,-0.1365399510187003,1,0,2.512572507411041,0.004132231404958678,0.8430533328786309,0.8430533328786309
2026020008,20262027,2026-09-30,TOR,NYI,1421,faceoff,2,0,2,0.6052777777777778,-2,-1,0,0,0,-0.1365399510187003,1,0,2.519207833684877,0.004132231404958678,0.8348962701697642,0.8348962701697642
2026020008,20262027,2026-09-30,TOR,NYI,1436,giveaway,2,0,2,0.6011111111111112,-2,-1,0,0,0,-0.1365399510187003,1,0,2.527576391226808,0.004132231404958678,0.8355348170137283,0.8355348170137283
2026020008,20262027,2026-09-30,TOR,NYI,1504,blocked-shot,2,0,2,0.5822222222222222,-2,-1,0,0,0,-0.1365399510187003,1,0,2.5665880463079875,0.004132231404958678,0.8384889813522526,0.8384889813522526
2026020008,20262027,2026-09-30,TOR,NYI,1586,shot-on-goal,2,0,2,0.5594444444444444,-3,0,0,0,0,-0.1365399510187003,1,0,2.616124321181684,0.004132231404958678,0.8500308975803655,0.8500308975803655
2026020008,20262027,2026-09-30,TOR,NYI,1597,shot-on-goal,2,0,2,0.5563888888888889,-4,0,0,0,0,-0.1365399510187003,1,0,2.622989981927845,0.004132231404958678,0.8500327791520612,0.8500327791520612
2026020008,20262027,2026-09-30,TOR,NYI,1599,shot-on-goal,2,0,2,0.5558333333333333,-5,0,0,0,0,-0.1365399510187003,1,0,2.6242441010441726,0.004132231404958678,0.8496357706745292,0.8496357706745292
2026020008,20262027,2026-09-30,TOR,NYI,1601,faceoff,2,0,2,0.5552777777777778,-5,0,0,0,0,-0.1365399510187003,1,0,2.625500020762418,0.004132231404958678,0.8497251473400718,0.8497251473400718
2026020008,20262027,2026-09-30,TOR,NYI,1619,blocked-shot,2,0,2,0.5502777777777778,-5,0,0,0,0,-0.1365399510187003,1,0,2.6368850417342933,0.004132231404958678,0.850533589726538,0.850533589726538
2026020008,20262027,2026-09-30,TOR,NYI,1641,blocked-shot,2,0,2,0.5441666666666667,-5,0,0,0,0,-0.1365399510187003,1,0,2.651003290836023,0.004132231404958678,0.8515316961020595,0.8515316961020595
2026020008,20262027,2026-09-30,TOR,NYI,1683,shot-on-goal,2,0,2,0.5325,-6,0,0,0,0,-0.1365399510187003,1,0,2.6785981207297,0.004132231404958678,0.8529913010267942,0.8529913010267942
2026020008,20262027,2026-09-30,TOR,NYI,1685,faceoff,2,0,2,0.5319444444444444,-6,0,0,0,0,-0.1365399510187003,1,0,2.67993374690132,0.004132231404958678,0.8530848144167631,0.8530848144167631
2026020008,20262027,2026-09-30,TOR,NYI,1694,giveaway,2,0,2,0.5294444444444445,-6,0,0,0,0,-0.1365399510187003,1,0,2.6859688862150715,0.004132231404958678,0.8535068130749348,0.8535068130749348
2026020008,20262027,2026-09-30,TOR,NYI,1695,hit,2,0,2,0.5291666666666667,-6,0,0,0,0,-0.1365399510187003,1,0,2.68664197703787,0.004132231404958678,0.8535538222204021,0.8535538222204021
2026020008,20262027,2026-09-30,TOR,NYI,1696,shot-on-goal,2,0,2,0.5288888888888889,-5,0,0,0,0,-0.1365399510187003,1,0,2.687315574134336,0.004132231404958678,0.8540762974827004,0.8540762974827004
2026020008,20262027,2026-09-30,TOR,NYI,1698,faceoff,2,0,2,0.5283333333333333,-5,0,0,0,0,-0.1365399510187003,1,0,2.6886642896893247,0.004132231404958678,0.8541701830947169,0.8541701830947169
2026020008,20262027,2026-09-30,TOR,NYI,1705,faceoff,2,0,2,0.5263888888888889,-5,0,0,0,0,-0.1365399510187003,1,0,2.693400835459401,0.004132231404958678,0.8544995435232702,0.8544995435232702
2026020008,20262027,2026-09-30,TOR,NYI,1707,shot-on-goal,2,0,2,0.5258333333333334,-4,0,0,0,0,-0.1365399510187003,1,0,2.6947587386641234,0.004132231404958678,0.855066629128665,0.855066629128665
2026020008,20262027,2026-09-30,TOR,NYI,1709,faceoff,2,0,2,0.5252777777777777,-4,0,0,0,0,-0.1365399510187003,1,0,2.696118697740683,0.004132231404958678,0.855160792274089,0.855160792274089
2026020008,20262027,2026-09-30,TOR,NYI,1715,faceoff,2,0,2,0.5236111111111111,-4,-1,0,0,0,-0.1365399510187003,1,0,2.700210962222457,0.004132231404958678,0.8473394748878409,0.8473394748878409
2026020008,20262027,2026-09-30,TOR,NYI,1771,blocked-shot,2,0,2,0.5080555555555556,-4,-1,0,0,0,-0.1365399510187003,1,0,2.739326246646317,0.004132231404958678,0.850148452546255,0.850148452546255
2026020008,20262027,2026-09-30,TOR,NYI,1782,blocked-shot,2,0,2,0.505,-4,-1,0,0,0,-0.1365399510187003,1,0,2.7472112789737806,0.004132231404958678,0.8507100231773765,0.8507100231773765
2026020008,20262027,2026-09-30,TOR,NYI,1788,giveaway,2,0,2,0.5033333333333333,-4,-1,0,0,0,-0.1365399510187003,1,0,2.7515410078683313,0.004132231404958678,0.8510177176039079,0.8510177176039079
2026020008,20262027,2026-09-30,TOR,NYI,1803,blocked-shot,2,0,2,0.49916666666666665,-4,-1,0,0,0,-0.1365399510187003,1,0,2.762455533096785,0.004132231404958678,0.8517912610115073,0.8517912610115073
2026020008,20262027,2026-09-30,TOR,NYI,1806,blocked-shot,2,0,2,0.49833333333333335,-4,-1,0,0,0,-0.1365399510187003,1,0,2.764654065504548,0.004132231404958678,0.8519467127333915,0.8519467127333915
2026020008,20262027,2026-09-30,TOR,NYI,1839,shot-on-goal,2,0,2,0.4891666666666667,-5,0,0,0,0,-0.1365399510187003,1,0,2.7891895966676112,0.004132231404958678,0.8610411544524259,0.8610411544524259
2026020008,20262027,2026-09-30,TOR,NYI,1869,giveaway,2,0,2,0.48083333333333333,-5,0,0,0,0,-0.1365399510187003,1,0,2.8120709447580716,0.004132231404958678,0.8625701083591046,0.8625701083591046
2026020008,20262027,2026-09-30,TOR,NYI,1894,shot-on-goal,2,0,2,0.4738888888888889,-4,0,0,0,0,-0.1365399510187003,1,0,2.831575069098052,0.004132231404958678,0.8643105486630783,0.8643105486630783
2026020008,20262027,2026-09-30,TOR,NYI,1904,missed-shot,2,0,2,0.4711111111111111,-4,0,0,0,0,-0.1365399510187003,1,0,2.8394911456818064,0.004132231404958678,0.8648312057064795,0.8648312057064795
2026020008,20262027,2026-09-30,TOR,NYI,1910,shot-on-goal,2,0,2,0.46944444444444444,-5,0,0,0,0,-0.1365399510187003,1,0,2.8442727788398634,0.004132231404958678,0.8646998601698368,0.8646998601698368
2026020008,20262027,2026-09-30,TOR,NYI,1916,blocked-shot,2,0,2,0.4677777777777778,-5,0,0,0,0,-0.1365399510187003,1,0,2.849078650099574,0.004132231404958678,0.8650155028372597,0.8650155028372597
2026020008,20262027,2026-09-30,TOR,NYI,1924,shot-on-goal,2,0,2,0.46555555555555556,-6,0,0,0,0,-0.1365399510187003,1,0,2.8555245376376934,0.004132231404958678,0.8649936845619492,0.8649936845619492
2026020008,20262027,2026-09-30,TOR,NYI,1932,giveaway,2,0,2,0.4633333333333333,-6,0,0,0,0,-0.1365399510187003,1,0,2.862014374503294,0.004132231404958678,0.8654191643254769,0.8654191643254769
2026020008,20262027,2026-09-30,TOR,NYI,1944,missed-shot,2,0,2,0.46,-6,0,0,0,0,-0.1365399510187003,1,0,2.871832634470952,0.004132231404958678,0.8660608709580743,0.8660608709580743
2026020008,20262027,2026-09-30,TOR,NYI,1958,blocked-shot,2,0,2,0.45611111111111113,-6,0,0,0,0,-0.1365399510187003,1,0,2.8834159879932764,0.004132231404958678,0.86681486502499,0.86681486502499
2026020008,20262027,2026-09-30,TOR,NYI,1978,shot-on-goal,2,0,2,0.45055555555555554,-5,0,0,0,0,-0.1365399510187003,1,0,2.9002094671369907,0.004132231404958678,0.8683382518896032,0.8683382518896032
2026020008,20262027,2026-09-30,TOR,NYI,1982,hit,2,0,2,0.4494444444444444,-5,0,0,0,0,-0.1365399510187003,1,0,2.9036035109749636,0.004132231404958678,0.8685565227752493,0.8685565227752493
2026020008,20262027,2026-09-30,TOR,NYI,2002,shot-on-goal,2,0,2,0.4438888888888889,-4,0,0,0,0,-0.1365399510187003,1,0,2.920754301067413,0.004132231404958678,0.8700863706347,0.8700863706347
2026020008,20262027,2026-09-30,TOR,NYI,2035,faceoff,2,0,2,0.43472222222222223,-4,0,0,0,0,-0.1365399510187003,1,0,2.9497298765159625,0.004132231404958678,0.8719207202675863,0.8719207202675863
2026020008,20262027,2026-09-30,TOR,NYI,2044,blocked-shot,2,0,2,0.43222222222222223,-4,0,0,0,0,-0.1365399510187003,1,0,2.957783150682983,0.004132231404958678,0.8724268726119517,0.8724268726119517
2026020008,20262027,2026-09-30,TOR,NYI,2061,giveaway,2,0,2,0.4275,-4,0,0,0,0,-0.1365399510187003,1,0,2.973176584988665,0.004132231404958678,0.8733899168816973,0.8733899168816973
2026020008,20262027,2026-09-30,TOR,NYI,2062,missed-shot,2,0,2,0.4272222222222222,-4,0,0,0,0,-0.1365399510187003,1,0,2.974089582579658,0.004132231404958678,0.8734468528014782,0.8734468528014782
2026020008,20262027,2026-09-30,TOR,NYI,2073,shot-on-goal,2,0,2,0.4241666666666667,-3,0,0,0,0,-0.1365399510187003,1,0,2.9841883878119626,0.004132231404958678,0.8744939897089563,0.8744939897089563
2026020008,20262027,2026-09-30,TOR,NYI,2093,faceoff,2,0,2,0.4186111111111111,-3,0,0,0,0,-0.1365399510187003,1,0,3.00281646126809,0.004132231404958678,0.8756432893629144,0.8756432893629144
2026020008,20262027,2026-09-30,TOR,NYI,2098,missed-shot,2,0,2,0.4172222222222222,-3,0,0,0,0,-0.1365399510187003,1,0,3.007528242702513,0.004132231404958678,0.8759326470149595,0.8759326470149595
2026020008,20262027,2026-09-30,TOR,NYI,2106,shot-on-goal,2,0,2,0.415,-2,0,0,0,0,-0.1365399510187003,1,0,3.0151134457776365,0.004132231404958678,0.8768094186195353,0.8768094186195353
2026020008,20262027,2026-09-30,TOR,NYI,2171,shot-on-goal,2,0,2,0.39694444444444443,-1,0,0,0,0,-0.1365399510187003,1,0,3.0789480347447125,0.004132231404958678,0.8810531546867887,0.8810531546867887
2026020008,20262027,2026-09-30,TOR,NYI,2172,shot-on-goal,2,0,2,0.39666666666666667,0,0,0,0,0,-0.1365399510187003,1,0,3.079962014036072,0.004132231404958678,0.8815117367523452,0.8815117367523452
2026020008,20262027,2026-09-30,TOR,NYI,2174,faceoff,2,0,2,0.39611111111111114,0,0,0,0,0,-0.1365399510187003,1,0,3.0819929816250844,0.004132231404958678,0.8816316636648189,0.8816316636648189
2026020008,20262027,2026-09-30,TOR,NYI,2210,hit,2,0,2,0.3861111111111111,0,0,0,0,0,-0.1365399510187003,1,0,3.119251469460218,0.004132231404958678,0.8838141385379059,0.8838141385379059
2026020008,20262027,2026-09-30,TOR,NYI,2214,hit,2,0,2,0.385,0,0,0,0,0,-0.1365399510187003,1,0,3.123475237772121,0.004132231404958678,0.8840594496516782,0.8840594496516782
2026020008,20262027,2026-09-30,TOR,NYI,2232,hit,2,0,2,0.38,0,0,0,0,0,-0.1365399510187003,1,0,3.1426968052735447,0.004132231404958678,0.8851704226118823,0.8851704226118823
2026020008,20262027,2026-09-30,TOR,NYI,2247,shot-on-goal,2,0,2,0.37583333333333335,1,0,0,0,0,-0.1365399510187003,1,0,3.158988758955938,0.004132231404958678,0.8864890814276853,0.8864890814276853
2026020008,20262027,2026-09-30,TOR,NYI,2255,delayed-penalty,2,0,2,0.3736111111111111,1,0,0,0,0,-0.1365399510187003,1,0,3.1677820640907277,0.004132231404958678,0.8869894887144878,0.8869894887144878
2026020008,20262027,2026-09-30,TOR,NYI,2256,hit,2,0,2,0.37333333333333335,1,0,0,0,0,-0.1365399510187003,1,0,3.1688863981190774,0.004132231404958678,0.8870522041803858,0.8870522041803858
2026020008,20262027,2026-09-30,TOR,NYI,2292,shot-on-goal,2,0,2,0.36333333333333334,2,1,1,0,0,-0.1365399510187003,1,0,3.2094281709596424,0.004132231404958678,0.8803422427424566,0.8803422427424566
2026020008,20262027,2026-09-30,TOR,NYI,2294,faceoff,2,0,2,0.36277777777777775,2,1,0,0,0,-0.1365399510187003,1,0,3.2117263654331354,0.004132231404958678,0.8959621475269122,0.8959621475269122
2026020008,20262027,2026-09-30,TOR,NYI,2311,blocked-shot,2,0,2,0.35805555555555557,2,1,0,0,0,-0.1365399510187003,1,0,3.23146244425708,0.004132231404958678,0.8970011741001269,0.8970011741001269
2026020008,20262027,2026-09-30,TOR,NYI,2360,missed-shot,2,0,2,0.34444444444444444,2,1,0,0,0,-0.1365399510187003,1,0,3.290450982642491,0.004132231404958678,0.9000543545955585,0.9000543545955585
2026020008,20262027,2026-09-30,TOR,NYI,2368,shot-on-goal,2,0,2,0.3422222222222222,3,1,0,0,0,-0.1365399510187003,1,0,3.300391944816552,0.004132231404958678,0.9009018567001136,0.9009018567001136
2026020008,20262027,2026-09-30,TOR,NYI,2370,faceoff,2,0,2,0.3416666666666667,3,1,0,0,0,-0.1365399510187003,1,0,3.3028912953790814,0.004132231404958678,0.9010285579960283,0.9010285579960283
2026020008,20262027,2026-09-30,TOR,NYI,2386,hit,2,0,2,0.3372222222222222,3,1,0,0,0,-0.1365399510187003,1,0,3.3230926537302676,0.004132231404958678,0.9020475581272823,0.9020475581272823
2026020008,20262027,2026-09-30,TOR,NYI,2390,faceoff,2,0,2,0.33611111111111114,3,1,0,0,0,-0.1365399510187003,1,0,3.328201177351375,0.004132231404958678,0.9023038136654742,0.9023038136654742
2026020008,20262027,2026-09-30,TOR,NYI,2400,faceoff,2,0,2,0.3333333333333333,3,1,0,0,0,-0.1365399510187003,1,0,3.341076278338227,0.004132231404958678,0.9029471071231683,0.9029471071231683
2026020008,20262027,2026-09-30,TOR,NYI,2407,faceoff,2,0,2,0.3313888888888889,3,1,0,0,0,-0.1365399510187003,1,0,3.350178273778141,0.004132231404958678,0.9033996808855483,0.9033996808855483
2026020008,20262027,2026-09-30,TOR,NYI,2417,blocked-shot,2,0,2,0.32861111111111113,3,0,0,0,0,-0.1365399510187003,1,0,3.363311128027263,0.004132231404958678,0.8983462924634108,0.8983462924634108
2026020008,20262027,2026-09-30,TOR,NYI,2427,hit,2,0,2,0.3258333333333333,3,0,0,0,0,-0.1365399510187003,1,0,3.3765996473001163,0.004132231404958678,0.8990344665388991,0.8990344665388991
2026020008,20262027,2026-09-30,TOR,NYI,2430,hit,2,0,2,0.325,3,0,0,0,0,-0.1365399510187003,1,0,3.3806170189140663,0.004132231404958678,0.8992417281558489,0.8992417281558489
2026020008,20262027,2026-09-30,TOR,NYI,2445,hit,2,0,2,0.32083333333333336,3,0,0,0,0,-0.1365399510187003,1,0,3.4009212075908146,0.004132231404958678,0.9002836793642679,0.9002836793642679
2026020008,20262027,2026-09-30,TOR,NYI,2447,shot-on-goal,2,0,2,0.3202777777777778,4,0,0,0,0,-0.1365399510187003,1,0,3.403656166784398,0.004132231404958678,0.9007643806633124,0.9007643806633124
2026020008,20262027,2026-09-30,TOR,NYI,2495,giveaway,2,0,2,0.30694444444444446,4,0,0,0,0,-0.1365399510187003,1,0,3.47134112484223,0.004132231404958678,0.9041565848688659,0.9041565848688659
2026020008,20262027,2026-09-30,TOR,NYI,2517,missed-shot,2,0,2,0.30083333333333334,4,0,0,0,0,-0.1365399510187003,1,0,3.503742974842702,0.004132231404958678,0.9057446712443669,0.9057446712443669
2026020008,20262027,2026-09-30,TOR,NYI,2528,blocked-shot,2,0,2,0.29777777777777775,4,0,0,0,0,-0.1365399510187003,1,0,3.5202878930931454,0.004132231404958678,0.9065467236003762,0.9065467236003762
2026020008,20262027,2026-09-30,TOR,NYI,2531,blocked-shot,2,0,2,0.29694444444444446,4,0,0,0,0,-0.1365399510187003,1,0,3.52484097267628,0.004132231404958678,0.9067663997065899,0.9067663997065899
2026020008,20262027,2026-09-30,TOR,NYI,2585,shot-on-goal,2,0,2,0.28194444444444444,5,0,0,0,0,-0.1365399510187003,1,0,3.609941025577121,0.004132231404958678,0.9110991980648044,0.9110991980648044
2026020008,20262027,2026-09-30,TOR,NYI,2587,faceoff,2,0,2,0.2813888888888889,5,0,0,0,0,-0.1365399510187003,1,0,3.6132123819580664,0.004132231404958678,0.9112503166935115,0.9112503166935115
2026020008,20262027,2026-09-30,TOR,NYI,2595,blocked-shot,2,0,2,0.2791666666666667,5,0,0,0,0,-0.1365399510187003,1,0,3.626387311292996,0.004132231404958678,0.9118566418140112,0.9118566418140112
2026020008,20262027,2026-09-30,TOR,NYI,2603,takeaway,2,0,2,0.27694444444444444,5,0,0,0,0,-0.1365399510187003,1,0,3.6397074197242767,0.004132231404958678,0.912465939288834,0.912465939288834
2026020008,20262027,2026-09-30,TOR,NYI,2618,shot-on-goal,2,0,2,0.2727777777777778,4,0,0,0,0,-0.1365399510187003,1,0,3.6650833306891566,0.004132231404958678,0.913315295679201,0.913315295679201
2026020008,20262027,2026-09-30,TOR,NYI,2620,faceoff,2,0,2,0.2722222222222222,4,0,0,0,0,-0.1365399510187003,1,0,3.6685070430944586,0.004132231404958678,0.9134699806684295,0.9134699806684295
2026020008,20262027,2026-09-30,TOR,NYI,2642,hit,2,0,2,0.26611111111111113,4,0,0,0,0,-0.1365399510187003,1,0,3.7068123792912924,0.004132231404958678,0.9151840704792252,0.9151840704792252
2026020008,20262027,2026-09-30,TOR,NYI,2651,missed-shot,2,0,2,0.26361111111111113,4,0,0,0,0,-0.1365399510187003,1,0,3.7228322913461858,0.004132231404958678,0.9158919665192053,0.9158919665192053
2026020008,20262027,2026-09-30,TOR,NYI,2657,faceoff,2,0,2,0.2619444444444444,4,0,0,0,0,-0.1365399510187003,1,0,3.7336283477223304,0.004132231404958678,0.9163660666432626,0.9163660666432626
2026020008,20262027,2026-09-30,TOR,NYI,2665,faceoff,2,0,2,0.25972222222222224,4,0,0,0,0,-0.1365399510187003,1,0,3.7481702853265455,0.004132231404958678,0.9170009115295661,0.9170009115295661
2026020008,20262027,2026-09-30,TOR,NYI,2668,giveaway,2,0,2,0.2588888888888889,4,0,0,0,0,-0.1365399510187003,1,0,3.7536674825391265,0.004132231404958678,0.9172397797539449,0.9172397797539449
2026020008,20262027,2026-09-30,TOR,NYI,2685,hit,2,0,2,0.25416666666666665,4,0,0,0,0,-0.1365399510187003,1,0,3.7852817872590707,0.004132231404958678,0.9186016646931222,0.9186016646931222
2026020008,20262027,2026-09-30,TOR,NYI,2690,missed-shot,2,0,2,0.25277777777777777,4,0,0,0,0,-0.1365399510187003,1,0,3.794733192202055,0.004132231404958678,0.9190049155874381,0.9190049155874381
2026020008,20262027,2026-09-30,TOR,NYI,2711,blocked-shot,2,0,2,0.24694444444444444,4,0,0,0,0,-0.1365399510187003,1,0,3.8352166326035584,0.004132231404958678,0.9207120506368534,0.9207120506368534
2026020008,20262027,2026-09-30,TOR,NYI,2731,hit,2,0,2,0.24138888888888888,4,0,0,0,0,-0.1365399510187003,1,0,3.8750021023237595,0.004132231404958678,0.9223582873340865,0.9223582873340865
2026020008,20262027,2026-09-30,TOR,NYI,2764,blocked-shot,2,0,2,0.23222222222222222,4,0,0,0,0,-0.1365399510187003,1,0,3.943444679404649,0.004132231404958678,0.9251185388721742,0.9251185388721742
2026020008,20262027,2026-09-30,TOR,NYI,2767,blocked-shot,2,0,2,0.2313888888888889,4,0,0,0,0,-0.1365399510187003,1,0,3.9498481120597995,0.004132231404958678,0.925372204818338,0.925372204818338
2026020008,20262027,2026-09-30,TOR,NYI,2780,giveaway,2,0,2,0.22777777777777777,4,0,0,0,0,-0.1365399510187003,1,0,3.9779612647907756,0.004132231404958678,0.9264767182948972,0.9264767182948972
2026020008,20262027,2026-09-30,TOR,NYI,2798,shot-on-goal,2,0,2,0.22277777777777777,3,0,0,0,0,-0.1365399510187003,1,0,4.0178971810945505,0.004132231404958678,0.9277653966395348,0.9277653966395348
2026020008,20262027,2026-09-30,TOR,NYI,2815,faceoff,2,0,2,0.21805555555555556,3,0,0,0,0,-0.1365399510187003,1,0,4.05674042269688,0.004132231404958678,0.9292432899551616,0.9292432899551616
2026020008,20262027,2026-09-30,TOR,NYI,2819,faceoff,2,0,2,0.21694444444444444,3,-1,0,0,0,-0.1365399510187003,1,0,4.066044885430183,0.004132231404958678,0.9252828191663626,0.9252828191663626
2026020008,20262027,2026-09-30,TOR,NYI,2833,blocked-shot,2,0,2,0.21305555555555555,3,-1,0,0,0,-0.1365399510187003,1,0,4.09912191411093,0.004132231404958678,0.92658343558476,0.92658343558476
2026020008,20262027,2026-09-30,TOR,NYI,2839,shot-on-goal,2,0,2,0.21138888888888888,2,-1,0,0,0,-0.1365399510187003,1,0,4.113547021146366,0.004132231404958678,0.9268864331182979,0.9268864331182979
2026020008,20262027,2026-09-30,TOR,NYI,2854,blocked-shot,2,0,2,0.20722222222222222,2,-1,0,0,0,-0.1365399510187003,1,0,4.150286783196448,0.004132231404958678,0.9283017121996117,0.9283017121996117
2026020008,20262027,2026-09-30,TOR,NYI,2862,blocked-shot,2,0,2,0.205,2,-1,0,0,0,-0.1365399510187003,1,0,4.170288281141495,0.004132231404958678,0.9290616886677752,0.9290616886677752
2026020008,20262027,2026-09-30,TOR,NYI,2867,giveaway,2,0,2,0.2036111111111111,2,-1,0,0,0,-0.1365399510187003,1,0,4.182937046254499,0.004132231404958678,0.9295384971665672,0.9295384971665672
2026020008,20262027,2026-09-30,TOR,NYI,2941,shot-on-goal,2,0,2,0.18305555555555555,1,0,0,0,0,-0.1365399510187003,1,0,4.384704571451218,0.004132231404958678,0.9402357873060391,0.9402357873060391
2026020008,20262027,2026-09-30,TOR,NYI,2944,faceoff,2,0,2,0.18222222222222223,1,0,0,0,0,-0.1365399510187003,1,0,4.393512155629275,0.004132231404958678,0.9405194895347577,0.9405194895347577
2026020008,20262027,2026-09-30,TOR,NYI,2972,faceoff,2,0,2,0.17444444444444446,1,0,0,0,0,-0.1365399510187003,1,0,4.478360225172455,0.004132231404958678,0.9431892796939845,0.9431892796939845
2026020008,20262027,2026-09-30,TOR,NYI,3040,missed-shot,2,0,2,0.15555555555555556,1,0,0,0,0,-0.1365399510187003,1,0,4.706787243316417,0.004132231404958678,0.949832135719961,0.949832135719961
2026020008,20262027,2026-09-30,TOR,NYI,3048,delayed-penalty,2,0,2,0.15333333333333332,1,0,0,0,0,-0.1365399510187003,1,0,4.736022227783151,0.004132231404958678,0.9506277208879004,0.9506277208879004
2026020008,20262027,2026-09-30,TOR,NYI,3050,faceoff,2,0,2,0.1527777777777778,1,-1,0,0,0,-0.1365399510187003,1,0,4.743416490252569,0.004132231404958678,0.9477435605012201,0.9477435605012201
2026020008,20262027,2026-09-30,TOR,NYI,3057,giveaway,2,0,2,0.15083333333333335,1,-1,0,0,0,-0.1365399510187003,1,0,4.769571801102986,0.004132231404958678,0.9484840580231658,0.9484840580231658
2026020008,20262027,2026-09-30,TOR,NYI,3068,hit,2,0,2,0.14777777777777779,1,-1,0,0,0,-0.1365399510187003,1,0,4.811561638587753,0.004132231404958678,0.949652293493387,0.949652293493387
2026020008,20262027,2026-09-30,TOR,NYI,3070,hit,2,0,2,0.14722222222222223,1,-1,0,0,0,-0.1365399510187003,1,0,4.819315973414993,0.004132231404958678,0.9498652923300522,0.9498652923300522
2026020008,20262027,2026-09-30,TOR,NYI,3092,shot-on-goal,2,0,2,0.1411111111111111,0,-1,0,0,0,-0.1365399510187003,1,0,4.907164920657184,0.004132231404958678,0.9520462437662789,0.9520462437662789
2026020008,20262027,2026-09-30,TOR,NYI,3143,missed-shot,2,0,2,0.12694444444444444,0,-1,0,0,0,-0.1365399510187003,1,0,5.130829497708153,0.004132231404958678,0.9575975721455899,0.9575975721455899
2026020008,20262027,2026-09-30,TOR,NYI,3146,faceoff,2,0,2,0.12611111111111112,0,-1,0,0,0,-0.1365399510187003,1,0,5.1449575542752655,0.004132231404958678,0.9579269349122044,0.9579269349122044
2026020008,20262027,2026-09-30,TOR,NYI,3157,missed-shot,2,0,2,0.12305555555555556,0,-1,0,0,0,-0.1365399510187003,1,0,5.19777698189052,0.004132231404958678,0.9591368731123286,0.9591368731123286
2026020008,20262027,2026-09-30,TOR,NYI,3180,delayed-penalty,2,0,2,0.11666666666666667,0,0,0,0,0,-0.1365399510187003,1,0,5.313689313240571,0.004132231404958678,0.9639695092181142,0.9639695092181142
2026020008,20262027,2026-09-30,TOR,NYI,3211,giveaway,2,0,2,0.10805555555555556,0,1,1,0,0,-0.1365399510187003,1,0,5.482939948619446,0.004132231404958678,0.9641603145819695,0.9641603145819695
2026020008,20262027,2026-09-30,TOR,NYI,3212,faceoff,2,0,2,0.10777777777777778,0,1,0,0,0,-0.1365399510187003,1,0,5.488672244956179,0.004132231404958678,0.9692809937995036,0.9692809937995036
2026020008,20262027,2026-09-30,TOR,NYI,3225,shot-on-goal,2,0,2,0.10416666666666667,1,1,0,0,0,-0.1365399510187003,1,0,5.564866749122019,0.004132231404958678,0.9706717258131748,0.9706717258131748
2026020008,20262027,2026-09-30,TOR,NYI,3227,faceoff,2,0,2,0.10361111111111111,1,1,0,0,0,-0.1365399510187003,1,0,5.576872948082077,0.004132231404958678,0.9708682708571555,0.9708682708571555
2026020008,20262027,2026-09-30,TOR,NYI,3249,faceoff,2,1,1,0.0975,0,1,0,0,0,-0.1365399510187003,1,1,2.857142857142857,0.004132231404958678,0.8590580369829669,0.8590580369829669
2026020008,20262027,2026-09-30,TOR,NYI,3296,missed-shot,2,1,1,0.08444444444444445,0,1,0,0,0,-0.1365399510187003,1,0,3.0227563311592704,0.004132231404958678,0.8702041112097105,0.8702041112097105
2026020008,20262027,2026-09-30,TOR,NYI,3322,shot-on-goal,2,1,1,0.07722222222222222,1,1,0,0,0,-0.1365399510187003,1,0,3.1277162108561214,0.004132231404958678,0.8772895447704662,0.8772895447704662
2026020008,20262027,2026-09-30,TOR,NYI,3354,faceoff,2,1,1,0.06833333333333333,1,0,0,0,0,-0.1365399510187003,1,0,3.2732683535398857,0.004132231404958678,0.8794047964118147,0.8794047964118147
2026020008,20262027,2026-09-30,TOR,NYI,3360,faceoff,2,1,1,0.06666666666666667,1,0,0,0,0,-0.1365399510187003,1,0,3.3028912953790814,0.004132231404958678,0.881203957493722,0.881203957493722
2026020008,20262027,2026-09-30,TOR,NYI,3364,missed-shot,2,1,1,0.06555555555555556,1,0,0,0,0,-0.1365399510187003,1,0,3.3230926537302676,0.004132231404958678,0.8824176695325369,0.8824176695325369
2026020008,20262027,2026-09-30,TOR,NYI,3368,missed-shot,2,1,1,0.06444444444444444,1,0,0,0,0,-0.1365399510187003,1,0,3.3436692754521173,0.004132231404958678,0.8836429695491181,0.8836429695491181
2026020008,20262027,2026-09-30,TOR,NYI,3372,missed-shot,2,1,1,0.06333333333333334,1,0,0,0,0,-0.1365399510187003,1,0,3.3646329245522653,0.004132231404958678,0.8848800051995545,0.8848800051995545
2026020008,20262027,2026-09-30,TOR,NYI,3390,missed-shot,2,1,1,0.058333333333333334,1,0,0,0,0,-0.1365399510187003,1,0,3.464101615137754,0.004132231404958678,0.890595893404265,0.890595893404265
2026020008,20262027,2026-09-30,TOR,NYI,3434,faceoff,2,1,1,0.04611111111111111,1,0,0,0,0,-0.1365399510187003,1,0,3.75,0.004132231404958678,0.9056662678655775,0.9056662678655775
2026020008,20262027,2026-09-30,TOR,NYI,3441,missed-shot,2,1,1,0.04416666666666667,1,0,0,0,0,-0.1365399510187003,1,0,3.8023455031468676,0.004132231404958678,0.908216883118721,0.908216883118721
2026020008,20262027,2026-09-30,TOR,NYI,3445,hit,2,1,1,0.043055555555555555,1,0,0,0,0,-0.1365399510187003,1,0,3.833259389999639,0.004132231404958678,0.9096940914088657,0.9096940914088657
2026020008,20262027,2026-09-30,TOR,NYI,3448,hit,2,1,1,0.042222222222222223,1,0,0,0,0,-0.1365399510187003,1,0,3.85694607919935,0.004132231404958678,0.9108114977189365,0.9108114977189365
2026020008,20262027,2026-09-30,TOR,NYI,3464,hit,2,1,1,0.03777777777777778,1,0,0,0,0,-0.1365399510187003,1,0,3.9911406314264353,0.004132231404958678,0.9169104487813773,0.9169104487813773
2026020008,20262027,2026-09-30,TOR,NYI,3481,missed-shot,2,1,1,0.03305555555555555,1,-1,0,1,0,-0.1365399510187003,1,0,4.150286783196448,0.004132231404958678,0.8978973191671475,0.8978973191671475
2026020008,20262027,2026-09-30,TOR,NYI,3507,missed-shot,2,1,1,0.025833333333333333,1,-1,0,1,0,-0.1365399510187003,1,0,4.435327625727437,0.004132231404958678,0.9120413840920558,0.9120413840920558
2026020008,20262027,2026-09-30,TOR,NYI,3513,faceoff,2,1,1,0.024166666666666666,1,-1,0,1,0,-0.1365399510187003,1,0,4.509876168016973,0.004132231404958678,0.915437879231909,0.915437879231909
2026020008,20262027,2026-09-30,TOR,NYI,3529,blocked-shot,2,1,1,0.01972222222222222,1,-1,0,1,0,-0.1365399510187003,1,0,4.728662437434604,0.004132231404958678,0.9247300293347727,0.9247300293347727
2026020008,20262027,2026-09-30,TOR,NYI,3537,blocked-shot,2,1,1,0.0175,1,-1,0,1,0,-0.1365399510187003,1,0,4.850712500726659,0.004132231404958678,0.9294980278995256,0.9294980278995256
2026020008,20262027,2026-09-30,TOR,NYI,3559,shot-on-goal,2,1,1,0.01138888888888889,0,-1,0,1,0,-0.1365399510187003,1,0,5.242224339966228,0.004132231404958678,0.9427655876284615,0.9427655876284615
2026020008,20262027,2026-09-30,TOR,NYI,3560,shot-on-goal,2,1,1,0.011111111111111112,-1,-1,0,1,0,-0.1365399510187003,1,0,5.262348115842175,0.004132231404958678,0.9431867622727942,0.9431867622727942
2026020008,20262027,2026-09-30,TOR,NYI,3566,missed-shot,2,1,1,0.009444444444444445,-1,-1,0,1,0,-0.1365399510187003,1,0,5.388159060803248,0.004132231404958678,0.9469637144841057,0.9469637144841057
2026020008,20262027,2026-09-30,TOR,NYI,3587,blocked-shot,2,1,1,0.003611111111111111,-1,-1,0,1,0,-0.1365399510187003,1,0,5.911975668985758,0.004132231404958678,0.9602811524441741,0.9602811524441741
